Neli Melikyan,nelineli111,neli@gmail.com,1cb85b009000ef9da67e91b3c3fbd738
Margarit Shmavonyan,mgritamg5991,margarita@gmail.com,add46f0149940bee37e180f3b4da5b7
Anahit Mnatsakanyan,anahitmnatsakanyan,anahit@gmail.com,356f87b4356d0d728905179feec48f18
Ani Stepanyan,anistepanyan,anistepanyan@gmail.com,f1494ce4051c54b8e4ac58a6d362daba
Sona Mesropyan,sonamesropyan,sona@gmail.com,95cfc9fa8dc6c5a8013b017776701aa
Nune Mnatsakanyan,nunenune111,nune@gmail.com,1cb85b009000ef9da67e91b3c3fbd738
Mina Sogomonyan,minuminu2000,minu@gmail.com,43bcb835fd497f3efdae6b59ba6382fc
Ani Safaryan,anisafaryan111,ani@gmail.com,1cb85b009000ef9da67e91b3c3fbd738
Sona Soghomonyan,sonasona123,sona@gmail.com,1cb85b009000ef9da67e91b3c3fbd738
